epoch,steps,cos_sim-Accuracy@1,cos_sim-Accuracy@3,cos_sim-Accuracy@5,cos_sim-Accuracy@10,cos_sim-Precision@1,cos_sim-Recall@1,cos_sim-Precision@3,cos_sim-Recall@3,cos_sim-Precision@5,cos_sim-Recall@5,cos_sim-Precision@10,cos_sim-Recall@10,cos_sim-MRR@10,cos_sim-NDCG@10,cos_sim-MAP@100,dot_score-Accuracy@1,dot_score-Accuracy@3,dot_score-Accuracy@5,dot_score-Accuracy@10,dot_score-Precision@1,dot_score-Recall@1,dot_score-Precision@3,dot_score-Recall@3,dot_score-Precision@5,dot_score-Recall@5,dot_score-Precision@10,dot_score-Recall@10,dot_score-MRR@10,dot_score-NDCG@10,dot_score-MAP@100
-1,-1,0.8595988538681948,0.9369627507163324,0.9570200573065902,0.9742120343839542,0.8595988538681948,0.8595988538681948,0.31232091690544406,0.9369627507163324,0.19140401146131808,0.9570200573065902,0.09742120343839543,0.9742120343839542,0.9014356968511702,0.9192924419301522,0.9023171302459595,0.8519579751671442,0.9369627507163324,0.9579751671442216,0.9742120343839542,0.8519579751671442,0.8519579751671442,0.31232091690544406,0.9369627507163324,0.19159503342884435,0.9579751671442216,0.09742120343839543,0.9742120343839542,0.8974363639120091,0.916351844360635,0.8983165611226333
