epoch,steps,cos_sim-Accuracy@1,cos_sim-Accuracy@3,cos_sim-Accuracy@5,cos_sim-Accuracy@10,cos_sim-Precision@1,cos_sim-Recall@1,cos_sim-Precision@3,cos_sim-Recall@3,cos_sim-Precision@5,cos_sim-Recall@5,cos_sim-Precision@10,cos_sim-Recall@10,cos_sim-MRR@10,cos_sim-NDCG@10,cos_sim-MAP@100,dot_score-Accuracy@1,dot_score-Accuracy@3,dot_score-Accuracy@5,dot_score-Accuracy@10,dot_score-Precision@1,dot_score-Recall@1,dot_score-Precision@3,dot_score-Recall@3,dot_score-Precision@5,dot_score-Recall@5,dot_score-Precision@10,dot_score-Recall@10,dot_score-MRR@10,dot_score-NDCG@10,dot_score-MAP@100
-1,-1,0.4565425023877746,0.6341929321872015,0.6943648519579751,0.775549188156638,0.4565425023877746,0.4565425023877746,0.2113976440624005,0.6341929321872015,0.13887297039159502,0.6943648519579751,0.07755491881566379,0.775549188156638,0.558354557996392,0.6104725391331709,0.5660207518685775,0.40974212034383956,0.5921680993314231,0.664756446991404,0.7526265520534862,0.40974212034383956,0.40974212034383956,0.1973893664438077,0.5921680993314231,0.1329512893982808,0.664756446991404,0.07526265520534861,0.7526265520534862,0.5173780718909657,0.5737616268666965,0.5261047798057644
