epoch,steps,cos_sim-Accuracy@1,cos_sim-Accuracy@3,cos_sim-Accuracy@5,cos_sim-Accuracy@10,cos_sim-Precision@1,cos_sim-Recall@1,cos_sim-Precision@3,cos_sim-Recall@3,cos_sim-Precision@5,cos_sim-Recall@5,cos_sim-Precision@10,cos_sim-Recall@10,cos_sim-MRR@10,cos_sim-NDCG@10,cos_sim-MAP@100,dot_score-Accuracy@1,dot_score-Accuracy@3,dot_score-Accuracy@5,dot_score-Accuracy@10,dot_score-Precision@1,dot_score-Recall@1,dot_score-Precision@3,dot_score-Recall@3,dot_score-Precision@5,dot_score-Recall@5,dot_score-Precision@10,dot_score-Recall@10,dot_score-MRR@10,dot_score-NDCG@10,dot_score-MAP@100
-1,-1,0.8433619866284623,0.9484240687679083,0.9646609360076409,0.9780324737344794,0.8433619866284623,0.8433619866284623,0.3161413562559694,0.9484240687679083,0.1929321872015282,0.9646609360076409,0.09780324737344795,0.9780324737344794,0.8973677627689092,0.9175194941051488,0.8981735343096556,0.8185291308500477,0.9436485195797517,0.9637058261700095,0.9789875835721108,0.8185291308500477,0.8185291308500477,0.3145495065265838,0.9436485195797517,0.19274116523400192,0.9637058261700095,0.09789875835721108,0.9789875835721108,0.8838684980518795,0.9076928452185928,0.8845664363497789
